State,City,Borough/Area,Neighborhood,DP05_0001E,DP05_0002E,DP05_0003E,DP05_0005E,DP05_0006E,DP05_0007E,DP05_0008E,DP05_0009E,DP05_0010E,DP05_0011E,DP05_0012E,DP05_0013E,DP05_0014E,DP05_0015E,DP05_0016E,DP05_0017E,DP05_0018E,DP05_0037E,DP05_0038E,DP05_0039E,DP05_0044E,DP05_0045E,DP05_0046E,DP05_0052E,DP03_0002E,DP03_0019E,DP03_0020E,DP03_0021E,DP03_0022E,DP03_0024E,DP03_0096E,DP03_0025E,B09019_003E,B25034_001E,B25034_002E,B25034_003E,B25034_004E,B25034_005E,B25034_006E,B25034_007E,B25034_008E,B25034_009E,B25034_010E,B25034_011E,S1501_C01_009E,S1501_C01_011E,S1501_C01_012E,S1501_C01_013E,S2503_C01_013E,S2503_C01_024E,S2701_C01_031E,S2701_C01_032E,S2701_C01_033E,S2701_C01_034E,S2701_C01_035E
New York,New York City,Bronx,Bronx Park and Fordham,87596.0,42250.0,45346.0,6199.0,6066.333333333333,6420.0,6414.0,6528.666666666667,14064.0,11546.333333333334,10947.0,5526.666666666667,4151.0,5807.0,2860.0,1066.0,33.266666666666666,12804.0,22119.666666666668,949.6666666666666,3629.6666666666665,968.0,312.6666666666667,99.0,41797.666666666664,5829.666666666667,1210.0,21556.0,3121.0,2391.0,78834.66666666667,45.73333333333333,31925.666666666668,33648.333333333336,43.333333333333336,1275.3333333333333,846.6666666666666,903.3333333333334,1008.6666666666666,1893.6666666666667,2967.6666666666665,3044.0,2760.3333333333335,18905.333333333332,16230.666666666666,4094.6666666666665,6175.0,3580.3333333333335,43921.0,1498.6666666666667,50039.333333333336,36802.333333333336,16198.666666666666,20603.666666666668,11242.666666666666
New York,New York City,Bronx,Central Bronx,73351.33333333333,34241.666666666664,39109.666666666664,5414.666666666667,5504.333333333333,6099.333333333333,5028.333333333333,5659.0,11631.333333333334,9521.333333333334,8934.0,4574.0,3730.3333333333335,4617.666666666667,2055.6666666666665,581.3333333333334,32.86666666666667,9828.0,27050.666666666668,904.3333333333334,868.3333333333334,487.3333333333333,146.0,132.66666666666666,32780.666666666664,4577.666666666667,1027.3333333333333,17466.0,1615.0,1824.3333333333333,66675.0,45.5,25477.666666666668,26387.333333333332,27.333333333333332,1831.6666666666667,1781.6666666666667,1969.0,1329.0,2783.0,2063.3333333333335,2044.3333333333333,1903.3333333333333,10654.666666666666,13563.666666666666,3375.6666666666665,4990.333333333333,1764.6666666666667,36341.666666666664,1362.3333333333333,45291.0,27857.333333333332,13361.666666666666,14495.666666666666,12120.333333333334
New York,New York City,Bronx,High Bridge and Morrisania,72836.66666666667,33626.333333333336,39210.333333333336,5224.333333333333,5200.333333333333,5793.333333333333,5320.333333333333,5399.333333333333,11083.666666666666,9616.0,9012.333333333334,4625.0,3334.3333333333335,4965.333333333333,2336.3333333333335,926.0,33.666666666666664,9699.333333333334,30918.333333333332,745.0,736.0,236.33333333333334,121.66666666666667,119.0,31000.0,3911.0,777.3333333333334,16744.666666666668,2605.3333333333335,1329.0,67374.66666666667,43.1,27198.333333333332,27765.0,60.0,2276.3333333333335,2974.3333333333335,1565.6666666666667,1492.3333333333333,1850.3333333333333,3680.3333333333335,3271.0,2547.6666666666665,8047.0,13176.0,3971.3333333333335,4889.333333333333,2002.0,34723.0,1246.3333333333333,49131.666666666664,23317.666666666668,12746.333333333334,10571.333333333334,13256.666666666666
New York,New York City,Bronx,Hunts Point and Mott Haven,37174.25,17835.75,19338.5,2587.75,2872.0,2939.0,2831.0,2811.75,5910.5,5057.25,4188.0,2129.75,1929.25,2343.25,1259.0,315.75,32.475,4290.0,11922.75,480.5,273.5,84.5,59.25,122.25,16106.75,1969.5,637.0,8144.5,1357.25,891.5,33716.5,42.2,13151.0,13554.25,27.25,921.25,1540.5,1241.0,983.75,1296.75,1670.75,1353.25,1210.0,3309.75,6684.5,1768.75,2273.5,856.75,36069.5,1194.5,26479.25,10489.25,4974.75,5514.5,7148.25
New York,New York City,Bronx,Kingsbridge and Riverdale,46592.0,21417.5,25174.5,2734.0,2129.0,2893.0,2891.0,2697.5,5543.5,5650.5,5805.5,3008.0,2819.0,5585.5,3072.0,1763.5,43.599999999999994,21172.0,6627.0,606.5,1824.0,541.0,419.0,0.0,21889.0,5219.5,738.0,9030.5,1315.5,2520.0,43218.5,45.55,19265.5,19810.0,22.5,421.5,521.0,349.0,434.0,1533.5,4193.5,4458.5,2040.5,5836.0,5960.5,2076.0,7523.0,7933.0,89099.0,1522.5,32465.5,12583.5,8250.0,4333.5,7324.5
New York,New York City,Bronx,Northeast Bronx,50760.5,23363.0,27397.5,3325.5,2772.75,2983.0,3005.0,3326.5,7375.25,5844.0,6348.75,3457.75,3363.25,4812.5,2907.0,1239.25,39.775,6925.5,29792.75,321.0,1807.75,555.5,217.0,5.0,24146.0,7712.75,1316.0,9189.25,1098.75,1363.75,46687.75,46.125,18173.25,18936.25,22.25,280.5,609.25,474.0,586.75,1856.0,3968.25,3708.75,2191.5,5239.0,10344.0,3086.0,6061.25,3526.75,67594.0,1566.75,32100.0,17770.5,11954.5,5816.0,7149.25
New York,New York City,Bronx,Southeast Bronx,50678.5,24399.666666666668,26278.833333333332,3456.1666666666665,2962.3333333333335,3497.0,3192.5,3540.8333333333335,8074.833333333333,6294.0,6152.833333333333,3209.3333333333335,2784.8333333333335,4025.0,2486.1666666666665,1002.6666666666666,38.38333333333333,12522.0,12009.166666666666,407.6666666666667,4833.166666666667,1598.6666666666667,509.8333333333333,27.5,23505.833333333332,6989.833333333333,1104.0,9597.166666666666,1234.1666666666667,1326.1666666666667,46909.666666666664,44.300000000000004,18613.333333333332,19812.5,26.666666666666668,478.0,753.6666666666666,509.5,687.3333333333334,1580.6666666666667,3028.5,3377.3333333333335,2647.5,6723.333333333333,9560.666666666666,3048.8333333333335,5327.333333333333,3017.1666666666665,72389.0,1631.3333333333333,35631.333333333336,14723.166666666666,7967.166666666667,6756.0,7786.5
New York,New York City,Brooklyn,Borough Park ,84105.25,42377.25,41728.0,8045.75,7159.5,6961.25,5944.0,4638.75,11181.5,10348.0,9320.5,4242.0,4322.75,7112.25,3151.25,1677.75,33.4,49983.75,4262.75,585.0,18181.5,1732.75,11123.5,25.25,37005.5,6595.25,2207.0,13681.25,5064.5,4201.25,78488.5,39.625,26773.5,29125.25,18.5,608.5,971.75,748.5,1081.0,1328.5,2932.25,2831.5,3053.5,15551.25,13121.75,2908.75,10844.0,7714.0,67044.0,1725.5,52434.75,31323.0,18073.5,13249.5,7838.25
New York,New York City,Brooklyn,Bushwick and Williamsburg ,76122.66666666667,36640.333333333336,39482.333333333336,4610.666666666667,4106.666666666667,4674.333333333333,4179.333333333333,6578.333333333333,19171.0,10881.333333333334,7899.333333333333,3282.0,3226.0,4538.0,2183.0,792.6666666666666,31.766666666666666,25245.666666666668,21823.333333333332,906.0,4520.0,587.6666666666666,2225.0,105.33333333333333,41473.0,4269.0,1043.6666666666667,21097.333333333332,3033.6666666666665,5633.666666666667,69805.0,40.56666666666667,28485.333333333332,30249.666666666668,129.66666666666666,2754.0,2930.6666666666665,1517.0,1176.0,1693.6666666666667,2307.3333333333335,2141.6666666666665,1827.6666666666667,13772.0,12225.333333333334,2832.0,13467.666666666666,6101.0,69414.33333333333,1834.0,57030.0,18995.0,10002.333333333334,8992.666666666666,8264.0
New York,New York City,Brooklyn,Canarsie and Flatlands ,68955.33333333333,31388.333333333332,37567.0,3621.3333333333335,3949.3333333333335,4481.333333333333,4182.666666666667,4115.0,8426.0,8739.0,8605.333333333334,4700.333333333333,4823.0,7341.0,4267.666666666667,1703.3333333333333,42.699999999999996,13963.0,44012.333333333336,259.6666666666667,3465.0,394.6666666666667,1850.0,7.0,32837.666666666664,10919.0,1984.6666666666667,13687.666666666666,900.6666666666666,2145.3333333333335,65227.333333333336,50.46666666666667,24986.333333333332,26989.0,68.66666666666667,559.0,859.0,574.6666666666666,657.3333333333334,3080.0,6307.666666666667,4836.0,2537.6666666666665,7509.0,14854.0,4398.666666666667,9598.666666666666,6063.666666666667,69978.0,1685.6666666666667,41049.666666666664,27587.333333333332,21025.0,6562.333333333333,7000.666666666667
New York,New York City,Brooklyn,Central Brooklyn ,71336.4,32181.2,39155.2,4797.2,3959.0,3761.0,3035.4,4587.8,15491.4,10304.4,8374.6,4305.4,3818.2,5366.4,2503.4,1032.2,35.14,17126.0,41058.8,216.0,1942.0,495.2,671.6,28.2,37516.0,4401.4,786.2,19258.6,1923.4,4987.4,66523.4,43.46,28738.2,30932.8,72.4,1916.6,1599.2,972.4,1466.4,1420.8,1882.6,2343.4,2361.2,16897.8,12989.8,3228.4,11953.0,8114.2,73258.8,1827.2,51912.8,19052.8,11738.6,7314.2,8572.6
New York,New York City,Brooklyn,East New York and New Lots ,102490.5,47639.5,54851.0,7326.0,6697.5,7303.0,6636.0,7058.5,16613.0,13856.5,11862.0,6184.5,5992.5,7708.0,3565.5,1687.5,34.599999999999994,15422.5,55918.5,118.5,5090.0,1993.5,850.5,128.5,46373.5,10642.0,1682.5,22844.0,1819.5,3099.0,96164.0,45.3,34576.0,37503.0,50.5,1737.5,2210.5,2910.5,1994.5,2838.5,3565.0,4137.5,2729.5,15329.0,28866.5,4935.0,8305.0,3308.5,54433.5,1601.5,66114.5,35977.0,23488.0,12489.0,11028.5
New York,New York City,Brooklyn,Flatbush,75365.25,35333.75,40031.5,4032.75,3849.0,4124.0,4081.0,4617.0,13849.5,10304.25,9195.75,4741.5,4508.5,7202.25,3383.25,1476.5,38.05,14035.0,48925.75,451.0,2558.25,607.25,620.75,5.5,40249.25,6738.5,1080.5,21585.0,1879.25,4014.0,69788.0,45.45,28598.5,31082.75,135.5,1151.75,661.5,455.5,482.75,965.5,2423.0,3365.0,3256.5,18185.75,15246.5,3912.25,12342.5,7079.5,77393.25,1733.25,43146.25,31752.0,21416.75,10335.25,6811.25
New York,New York City,Brooklyn,Greenpoint ,52824.0,26360.0,26464.0,3702.0,2433.0,2202.0,1802.5,3642.5,15899.0,9525.0,4712.0,2150.0,1933.0,2590.5,1465.0,767.5,33.05,36387.5,2760.5,283.0,3027.0,595.5,1328.5,0.0,33382.5,2706.5,635.5,14963.5,3412.5,6664.0,49348.5,34.55,22965.0,24712.0,177.5,3335.0,2347.0,792.0,510.0,861.5,1240.5,1689.0,1126.5,12633.0,6053.0,1702.0,14966.5,7520.5,110537.0,2374.0,40417.5,12365.5,6724.5,5641.0,4207.5
New York,New York City,Brooklyn,Northwest Brooklyn ,54792.4,26000.8,28791.6,4454.8,3300.0,2897.0,2536.2,2587.4,11253.8,10343.0,6682.4,2641.0,2122.8,3445.4,1870.2,658.4,35.1,34378.0,7108.6,168.8,5300.8,810.4,2716.4,96.0,32325.4,2258.2,485.0,14167.8,3153.4,7951.0,52804.4,35.38,22792.6,24948.0,83.0,3194.8,1946.8,565.6,492.2,591.4,1154.4,1682.6,1709.6,13527.6,3663.6,1384.0,14112.4,14068.0,139035.8,2648.2,44263.4,10254.6,5357.0,4897.6,4154.2
New York,New York City,Brooklyn,Southern Brooklyn ,73046.0,35017.5,38028.5,4501.75,4297.25,4445.5,3821.5,3689.5,8948.75,8527.75,8541.25,5252.25,4996.0,8836.0,4693.25,2495.25,43.9,43060.75,5478.75,168.0,14562.0,533.5,10310.75,16.75,32556.75,7823.5,1743.5,12480.5,2873.75,3574.5,68084.75,46.075,27938.5,30126.25,65.5,705.5,1121.75,661.5,735.75,1769.5,5540.25,5603.0,3270.0,10653.5,13494.75,3866.0,12377.0,8891.75,58985.5,1435.5,35258.25,37260.0,25953.5,11306.5,9742.5
New York,New York City,Brooklyn,Southwest Brooklyn ,68934.66666666667,33810.666666666664,35124.0,3898.3333333333335,3794.0,3838.0,3708.6666666666665,3750.6666666666665,9508.666666666666,9458.666666666666,9100.333333333334,4666.666666666667,4348.666666666667,7026.333333333333,3966.0,1869.6666666666667,41.46666666666667,37131.666666666664,1647.3333333333333,453.6666666666667,19543.666666666668,709.6666666666666,15750.666666666666,13.666666666666666,34298.666666666664,7344.333333333333,1373.6666666666667,14746.666666666666,2379.0,4318.666666666667,63514.0,44.86666666666667,25673.0,27826.333333333332,1.3333333333333333,338.3333333333333,845.3333333333334,652.6666666666666,891.3333333333334,1141.3333333333333,2494.6666666666665,3101.6666666666665,2747.6666666666665,15612.0,11725.333333333334,3304.0,12242.333333333334,8020.333333333333,77559.33333333333,1735.3333333333333,38442.666666666664,30121.0,18743.0,11378.0,7492.666666666667
New York,New York City,Brooklyn,Sunset Park ,60572.5,30810.0,29762.5,3662.0,4497.0,4448.5,3177.0,3253.0,10128.0,9744.5,7967.5,3353.0,3169.5,4525.5,1987.5,659.5,35.75,16396.0,2159.5,942.5,21128.5,551.5,18727.5,7.0,30860.0,3828.5,1972.0,13594.0,3631.5,2621.5,52758.5,43.099999999999994,18748.0,20372.5,0.0,563.0,669.5,484.0,658.0,1091.0,1342.5,1333.0,1622.5,12609.0,9824.5,2000.5,6841.5,4387.0,71201.5,1733.0,30062.0,29662.5,11960.5,17702.0,5392.5
New York,New York City,Manhattan,Central Harlem,36872.8,17091.4,19781.4,2139.6,1791.2,2038.4,2195.8,2978.8,7017.6,5479.8,4734.2,2227.6,1894.0,2551.4,1233.4,591.0,36.36,7920.4,18174.4,134.8,2145.2,425.6,865.4,9.4,18989.4,1219.2,203.8,9747.2,1860.4,2855.2,34518.8,37.54,15000.2,16659.2,52.8,814.4,1311.0,652.0,618.6,830.4,2015.4,2173.0,1260.2,6931.4,5566.6,1325.4,5972.0,5226.0,56360.4,1426.6,27921.2,8863.4,4377.6,4485.8,4533.4
New York,New York City,Manhattan,Chelsea and Clinton ,26688.5,13876.833333333334,12811.666666666666,654.6666666666666,590.5,573.8333333333334,860.5,1591.1666666666667,7002.5,4107.5,3453.5,1870.3333333333333,1528.0,2556.1666666666665,1402.3333333333333,497.5,38.42,16991.5,1697.1666666666667,107.0,4184.5,788.3333333333334,1836.8333333333333,19.5,17971.666666666668,693.6666666666666,108.33333333333333,6881.833333333333,4189.166666666667,3655.0,25897.5,27.1,15527.666666666666,18820.0,14.833333333333334,2404.0,2518.6666666666665,857.5,1181.6666666666667,1102.3333333333333,2309.8333333333335,831.1666666666666,656.8333333333334,6943.166666666667,1794.6666666666667,835.6666666666666,9102.5,7627.5,123436.6,2611.0,19146.5,7497.666666666667,3923.0,3574.6666666666665,3049.1666666666665
New York,New York City,Manhattan,East Harlem ,57104.5,26587.0,30517.5,3173.5,2570.5,3257.0,3158.5,3750.0,9991.0,8484.5,6901.0,3531.5,3369.0,4817.5,2709.5,1391.0,37.7,13355.0,18851.5,693.0,4818.5,628.5,2846.5,26.0,25095.5,1523.0,315.5,14015.0,2532.0,2858.0,52416.5,36.45,24119.5,26694.5,25.5,1831.5,2293.0,1339.5,992.5,3619.0,5044.5,4436.0,1791.5,5321.5,10529.0,1988.5,7619.0,5561.5,36314.5,1180.0,42729.0,13601.0,7413.0,6188.0,9421.0
New York,New York City,Manhattan,Gramercy Park and Murray Hill ,33712.75,16113.25,17599.5,1160.25,989.0,917.75,908.25,2513.75,8964.5,4946.0,3596.0,1566.5,1677.75,3306.25,2199.5,967.25,39.725,23272.5,1575.75,36.25,5642.25,1480.0,2350.5,15.25,22493.25,1113.5,228.75,6472.25,7187.0,5086.5,32626.5,26.675,18380.0,23349.5,6.75,1223.0,1230.25,920.5,2612.75,2390.75,3839.75,2596.5,1289.75,7239.5,1526.75,542.75,11004.75,11442.25,149338.0,2769.75,25185.75,8467.25,4303.0,4164.25,2326.5
New York,New York City,Manhattan,Greenwich Village and Soho,26710.0,13149.333333333334,13560.666666666666,856.6666666666666,563.6666666666666,839.3333333333334,695.0,2274.0,6515.333333333333,4112.333333333333,3685.6666666666665,1610.6666666666667,1072.6666666666667,2570.0,1404.0,510.6666666666667,38.266666666666666,18716.333333333332,737.3333333333334,53.0,4701.0,742.6666666666666,3135.6666666666665,0.0,17622.0,679.0,248.0,6546.0,3557.0,3878.6666666666665,25578.666666666668,25.099999999999998,13928.666666666666,17116.0,9.666666666666666,625.0,837.3333333333334,438.6666666666667,753.3333333333334,874.6666666666666,1124.6666666666667,851.3333333333334,445.0,11156.333333333334,1370.6666666666667,323.3333333333333,10032.333333333334,7025.0,141610.66666666666,2781.0,19710.0,6815.666666666667,3842.6666666666665,2973.0,1940.3333333333333
New York,New York City,Manhattan,Inwood and Washington Heights ,53091.6,26496.4,26595.2,2477.6,2386.4,2291.0,2344.6,3539.2,10970.2,8336.6,6823.0,2990.0,3006.6,4643.0,2356.8,926.6,37.660000000000004,14273.2,7834.0,703.8,1932.4,350.8,568.0,27.8,30125.0,1974.0,777.4,16089.6,2264.6,3875.4,48451.2,41.6,19452.6,20959.4,2.8,370.4,274.0,296.0,420.6,843.2,1490.2,1832.2,2483.2,12946.8,7351.2,1959.8,8935.6,6563.2,64598.4,1626.8,30351.2,22500.4,12892.8,9607.6,7837.0
New York,New York City,Manhattan,Lower East Side ,62937.666666666664,31070.333333333332,31867.333333333332,1826.0,1912.6666666666667,1995.3333333333333,3662.3333333333335,5254.666666666667,14005.666666666666,7950.333333333333,6574.0,4471.0,3633.3333333333335,6478.666666666667,3498.0,1675.6666666666667,38.2,31068.0,4720.333333333333,198.66666666666666,15239.666666666666,1095.0,11906.666666666666,18.666666666666668,34793.333333333336,1555.3333333333333,405.6666666666667,13896.666666666666,7268.333333333333,6283.0,60406.0,29.5,30228.333333333332,33959.666666666664,13.333333333333334,1076.0,1070.0,832.0,1618.6666666666667,2294.3333333333335,4650.0,3990.6666666666665,4214.0,14200.666666666666,6051.333333333333,1725.3333333333333,16606.333333333332,10986.0,93189.66666666667,1872.0,44879.333333333336,17858.0,10550.0,7308.0,7235.0
New York,New York City,Manhattan,Lower Manhattan ,9468.0,4457.166666666667,5010.833333333333,456.6666666666667,278.1666666666667,384.6666666666667,419.8333333333333,759.8333333333334,2535.1666666666665,1478.8333333333333,1285.6666666666667,398.1666666666667,430.1666666666667,609.3333333333334,228.16666666666666,203.33333333333334,35.13333333333333,5618.833333333333,706.0,24.333333333333332,2192.5,258.3333333333333,1518.0,6.5,6306.5,226.0,68.66666666666667,2784.1666666666665,1495.8333333333333,1240.8333333333333,9151.333333333334,26.71666666666667,4512.166666666667,5432.0,4.0,363.1666666666667,682.8333333333334,330.8333333333333,790.0,513.5,452.0,255.66666666666666,146.0,1894.0,484.0,158.66666666666666,3166.3333333333335,2362.5,186558.8,3550.3333333333335,7061.0,2320.0,1378.8333333333333,941.1666666666666,489.8333333333333
New York,New York City,Manhattan,Upper East Side ,34946.5,15584.833333333334,19361.666666666668,1784.8333333333333,1282.3333333333333,1352.6666666666667,1135.1666666666667,1452.5,7045.5,4863.333333333333,4172.5,1989.3333333333333,2098.3333333333335,3710.6666666666665,2733.6666666666665,1325.6666666666667,41.61666666666667,27115.833333333332,1144.5,54.833333333333336,3739.0,974.1666666666666,1169.8333333333333,42.333333333333336,20613.166666666668,1134.3333333333333,345.0,8570.666666666666,3710.1666666666665,4435.333333333333,33705.5,30.316666666666666,18054.5,22986.0,43.5,300.3333333333333,926.1666666666666,813.8333333333334,2325.6666666666665,2641.0,4497.833333333333,2532.8333333333335,1244.0,7660.833333333333,2054.8333333333335,931.0,9850.0,12440.166666666666,144450.0,2636.1666666666665,26519.833333333332,8138.5,4184.5,3954.0,2900.8333333333335
New York,New York City,Manhattan,Upper West Side ,75156.0,34470.0,40686.0,4089.3333333333335,2958.0,2881.3333333333335,2892.3333333333335,3884.6666666666665,13166.666666666666,10474.0,9489.0,4896.666666666667,4596.666666666667,8552.333333333334,4951.0,2324.0,41.96666666666667,50930.666666666664,5237.0,123.33333333333333,7601.0,1408.6666666666667,3442.0,0.0,42813.666666666664,1877.3333333333333,645.3333333333334,19106.666666666668,4970.666666666667,10466.333333333334,72173.0,30.900000000000002,35622.333333333336,43149.0,49.333333333333336,1324.6666666666667,1547.3333333333333,1235.0,2623.3333333333335,2465.6666666666665,4547.333333333333,2301.3333333333335,1822.3333333333333,25232.666666666668,4373.0,1284.3333333333333,19579.333333333332,25123.0,141792.66666666666,2537.6666666666665,56880.666666666664,17742.0,8651.0,9091.0,7230.333333333333
New York,New York City,Queens,Central Queens ,34456.333333333336,16386.0,18070.333333333332,2516.6666666666665,1855.0,2279.0,2060.6666666666665,2076.0,4144.0,4141.0,4258.0,2658.6666666666665,2477.0,3257.0,1980.3333333333333,753.0,40.699999999999996,12682.666666666666,3295.0,57.333333333333336,12558.666666666666,1090.0,8236.333333333334,0.0,17039.666666666668,6100.666666666667,1320.6666666666667,5135.666666666667,762.0,1705.6666666666667,32487.666666666668,44.13333333333333,11882.666666666666,12463.0,13.0,278.3333333333333,427.3333333333333,263.0,554.3333333333334,719.0,1483.3333333333333,4458.666666666667,3048.3333333333335,1217.6666666666667,5168.666666666667,2029.0,5940.666666666667,4070.0,91474.66666666667,1771.6666666666667,19191.666666666668,15221.666666666666,10411.0,4810.666666666667,3522.3333333333335
New York,New York City,Queens,Jamaica ,46162.71428571428,21975.571428571428,24187.14285714286,2907.5714285714284,2622.1428571428573,2680.285714285714,2766.1428571428573,3090.0,6903.285714285715,5715.0,6097.714285714285,3361.0,3004.285714285714,4189.0,1960.7142857142858,865.5714285714286,38.871428571428574,4140.0,22728.14285714286,380.57142857142856,8774.142857142857,2636.1428571428573,870.7142857142857,33.285714285714285,23647.285714285714,8070.571428571428,995.8571428571429,8926.285714285714,809.1428571428571,1446.4285714285713,42308.42857142857,46.4,14441.857142857143,15295.142857142857,41.57142857142857,492.7142857142857,796.1428571428571,632.4285714285714,540.5714285714286,754.1428571428571,2466.8571428571427,2871.4285714285716,2125.0,4574.285714285715,8924.142857142857,2613.8571428571427,5869.142857142857,3197.285714285714,79577.28571428571,1916.0,24736.714285714286,21134.14285714286,14157.0,6977.142857142857,4905.428571428572
New York,New York City,Queens,North Queens ,37236.57142857143,17869.285714285714,19367.285714285714,1917.4285714285713,1619.0,1857.4285714285713,1575.0,1577.142857142857,4898.0,4696.857142857143,5138.428571428572,2861.714285714286,2715.285714285714,4736.714285714285,2450.0,1193.5714285714287,45.916666666666664,10788.857142857143,715.2857142857143,138.71428571428572,19675.14285714286,774.8571428571429,14106.57142857143,62.714285714285715,18346.0,6081.857142857143,1701.857142857143,5241.428571428572,1573.5714285714287,1389.857142857143,33267.42857142857,41.53333333333333,13777.142857142857,14741.714285714286,27.857142857142858,619.0,658.5714285714286,689.0,1194.2857142857142,1139.7142857142858,2511.4285714285716,3221.8571428571427,1646.5714285714287,3033.4285714285716,7687.428571428572,2494.8571428571427,5322.571428571428,3507.0,79375.33333333333,1770.0,16232.857142857143,20678.85714285714,11275.42857142857,9403.42857142857,3364.285714285714
New York,New York City,Queens,Northeast Queens ,23364.75,11297.0,12067.75,1146.0,1272.5,1272.5,1053.5,1104.25,2687.5,2917.25,3266.0,1902.75,1690.75,2990.25,1310.0,751.5,46.224999999999994,9497.0,713.0,132.5,10477.75,474.0,6432.5,0.0,11957.5,5492.0,1213.75,2594.25,366.25,1291.0,22077.0,41.85,8681.75,9200.5,10.0,176.5,300.25,295.25,433.25,515.0,1447.5,3151.25,1226.75,1644.75,3101.0,1429.0,4887.5,3737.75,107308.25,2001.75,13985.75,9285.75,6679.25,2606.5,2247.5
New York,New York City,Queens,Northwest Queens ,33665.5,16788.0,16877.5,1801.0,1214.3333333333333,1264.5,1097.1666666666667,1928.3333333333333,8893.833333333334,6085.333333333333,3927.5,1883.1666666666667,1505.5,2437.0,1134.5,493.3333333333333,36.0,17852.0,2043.6666666666667,179.0,6208.666666666667,1324.3333333333333,1703.1666666666667,8.0,21220.833333333332,2512.3333333333335,476.0,10847.666666666666,1061.1666666666667,3317.0,31307.5,38.96666666666667,15087.666666666666,19163.666666666668,63.666666666666664,2795.1666666666665,880.8333333333334,360.6666666666667,447.6666666666667,850.8333333333334,1303.3333333333333,2092.1666666666665,2649.8333333333335,7719.5,4833.166666666667,1638.8333333333333,8670.666666666666,5659.666666666667,93934.16666666667,2107.3333333333335,20783.0,12801.5,6927.833333333333,5873.666666666667,2922.1666666666665
New York,New York City,Queens,Rockaways ,26848.2,12759.0,14089.2,2006.6,1906.6,2304.0,1687.6,1520.8,3091.8,3243.4,3359.8,1772.8,1764.0,2341.6,1317.6,531.6,41.82000000000001,10687.4,9927.6,47.6,1022.0,304.6,214.2,7.2,11832.0,4761.2,590.4,3347.2,675.2,709.8,24241.4,47.04,8923.2,9777.6,4.8,530.8,1140.0,549.0,473.4,1156.2,1788.6,1540.4,687.0,1907.4,4734.2,1455.6,3009.8,2409.8,84861.4,1443.8,18676.8,7476.0,4921.2,2554.8,3423.2
New York,New York City,Queens,Southeast Queens ,23183.666666666668,10913.333333333334,12270.333333333334,1155.111111111111,960.5555555555555,1349.111111111111,1200.4444444444443,1481.888888888889,3089.5555555555557,2734.3333333333335,3076.6666666666665,1727.2222222222222,1684.4444444444443,2606.222222222222,1415.111111111111,703.0,48.27777777777778,2737.3333333333335,12714.333333333334,72.55555555555556,4036.222222222222,2220.6666666666665,450.3333333333333,0.1111111111111111,12074.666666666666,5635.777777777777,732.6666666666666,3223.3333333333335,192.77777777777777,920.2222222222222,21745.0,44.099999999999994,7258.111111111111,7669.111111111111,4.0,84.33333333333333,159.0,177.22222222222223,158.44444444444446,408.6666666666667,851.5555555555555,2031.111111111111,1682.0,2112.777777777778,4612.444444444444,1464.888888888889,3380.0,2249.777777777778,100607.55555555556,1980.3333333333333,12882.222222222223,10147.777777777777,7533.222222222223,2614.5555555555557,2574.6666666666665
New York,New York City,Queens,Southwest Queens ,36100.125,18189.125,17911.0,2038.25,1943.875,2067.875,2026.75,2343.125,5292.25,4459.875,4921.25,2763.625,2583.25,3458.875,1591.25,609.875,40.225,9188.625,3884.75,371.125,9354.5,6096.5,1161.875,33.5,18543.375,6349.75,1078.5,6953.625,720.25,1221.625,32955.125,45.3125,10889.5,11603.625,8.875,181.875,319.625,261.75,374.25,586.125,1325.625,1711.0,1527.125,5307.375,7484.0,1954.625,4464.625,2502.75,87667.75,1917.75,18616.125,17394.875,11528.25,5866.625,3749.625
New York,New York City,Queens,West Central Queens ,66556.0,32643.25,33912.75,3698.25,3502.0,3678.75,2938.25,3376.5,10871.5,9298.25,8972.5,4613.0,4284.0,6305.75,3390.5,1626.75,41.75,37372.25,2204.5,215.75,11965.5,1809.25,5975.0,6.25,36148.0,8932.5,1397.75,15968.25,1769.5,4561.5,61421.5,44.675,26022.25,27955.5,22.5,421.0,547.75,680.75,687.25,1481.0,3952.25,5338.5,4161.0,10663.5,10962.25,3711.5,13294.0,9227.0,91157.0,1815.75,37996.25,28341.75,17509.75,10832.0,6489.0
New York,New York City,Queens,West Queens ,66991.0,34322.28571428572,32668.714285714286,3924.1428571428573,3687.4285714285716,4105.428571428572,3761.0,3643.8571428571427,10764.142857142857,10741.142857142857,9385.57142857143,4296.285714285715,3666.4285714285716,5282.428571428572,2726.8571428571427,1006.2857142857143,38.82857142857143,18161.571428571428,3688.285714285714,525.0,18315.285714285714,2446.714285714286,6653.714285714285,35.285714285714285,35351.42857142857,6435.0,1753.4285714285713,18284.14285714286,2397.8571428571427,2204.4285714285716,56844.142857142855,41.785714285714285,21722.714285714286,23990.571428571428,27.0,426.42857142857144,869.0,666.1428571428571,990.8571428571429,1549.0,3840.5714285714284,4900.714285714285,3688.4285714285716,7032.428571428572,14693.285714285714,3508.5714285714284,8461.57142857143,4129.857142857143,73824.85714285714,1804.2857142857142,27824.285714285714,38270.28571428572,17229.714285714286,21040.571428571428,5823.428571428572
New York,New York City,Staten Island,Mid-Island,94355.0,45694.0,48661.0,5269.0,5623.0,5954.0,5348.0,5629.0,12647.0,11387.0,12675.0,5850.0,6255.0,9720.0,5726.0,2272.0,41.7,64293.0,3326.0,365.0,16998.0,3935.0,6401.0,0.0,45249.0,24339.0,4325.0,8553.0,926.0,3841.0,90354.0,41.8,31825.0,33628.0,0.0,568.0,1409.0,2392.0,8064.0,9159.0,4573.0,3348.0,997.0,3118.0,19704.0,4710.0,15792.0,8976.0,103436.0,1897.0,67676.0,25846.0,18765.0,7081.0,9324.0
New York,New York City,Staten Island,Port Richmond,23963.0,11869.0,12094.0,1589.0,1468.3333333333333,1786.6666666666667,1606.6666666666667,1685.6666666666667,3493.6666666666665,3208.6666666666665,2908.6666666666665,1798.3333333333333,1617.3333333333333,1711.6666666666667,794.3333333333334,294.0,36.0,10076.666666666666,6372.666666666667,151.66666666666666,1697.3333333333333,217.33333333333334,437.0,6.333333333333333,11396.666666666666,5260.666666666667,837.0,3077.0,365.3333333333333,664.3333333333334,22528.333333333332,42.800000000000004,7921.666666666667,8766.666666666666,23.333333333333332,203.66666666666666,816.3333333333334,869.3333333333334,880.3333333333334,512.6666666666666,896.6666666666666,888.3333333333334,540.0,3136.0,5009.333333333333,1201.6666666666667,2884.3333333333335,1829.3333333333333,86563.0,1847.0,17744.666666666668,6187.333333333333,3522.0,2665.3333333333335,2414.6666666666665
New York,New York City,Staten Island,South Shore,39855.0,19742.4,20112.6,2082.8,2238.4,2626.4,2550.8,2359.4,4860.0,4954.2,5586.8,2736.4,2914.4,4238.0,2033.6,673.8,41.7,32628.4,651.4,49.2,3436.2,206.0,2471.0,21.2,19377.2,10860.2,1406.4,3774.4,240.8,1627.0,38652.6,44.56,13735.4,14591.6,18.8,619.0,1532.8,2053.2,2770.0,2608.6,1940.6,1145.2,392.0,1511.4,8587.0,2139.6,6017.8,4351.2,111936.0,2118.6,32069.6,7702.6,5581.2,2121.4,3967.4
New York,New York City,Staten Island,Stapleton and St. George,42468.666666666664,20590.0,21878.666666666668,2222.3333333333335,2429.6666666666665,2427.6666666666665,2626.6666666666665,2548.6666666666665,6133.333333333333,5441.666666666667,5654.666666666667,3150.6666666666665,2864.0,4244.333333333333,1851.0,874.0,39.699999999999996,22889.666666666668,7656.333333333333,240.33333333333334,5748.333333333333,666.6666666666666,3452.6666666666665,19.333333333333332,21080.0,8250.0,1639.3333333333333,6300.0,902.6666666666666,1506.6666666666667,39680.666666666664,44.23333333333333,15244.333333333334,16879.333333333332,28.0,769.0,1581.6666666666667,1381.0,1558.6666666666667,1780.3333333333333,2592.0,1981.3333333333333,849.6666666666666,4357.666666666667,8247.333333333334,2133.6666666666665,6104.666666666667,4235.666666666667,79699.33333333333,1696.3333333333333,28762.666666666668,12985.333333333334,8909.333333333334,4076.0,4714.333333333333
